Date,Away,Away_Score,Away_3rdQ,Home,Home_Score,Home_3rdQ,Home_Team_Wins
1027,Cleveland Cavaliers,95,68,Chicago Bulls,97,71,1
1027,Detroit Pistons,106,82,Atlanta Hawks,94,66,0
1027,New Orleans Pelicans,95,75,Golden State Warriors,111,94,1
1028,Washington Wizards,88,65,Orlando Magic,87,67,0
1028,Philadelphia 76ers,95,67,Boston Celtics,112,79,1
1028,Indiana Pacers,99,68,Toronto Raptors,106,72,1
1028,Chicago Bulls,115,86,Brooklyn Nets,100,71,0
1028,Charlotte Hornets,94,60,Miami Heat,104,73,1
1028,Utah Jazz,87,64,Detroit Pistons,92,69,1
1028,San Antonio Spurs,106,83,Oklahoma City Thunder,112,79,1
1028,New York Knicks,122,90,Milwaukee Bucks,97,73,0
1028,Denver Nuggets,105,76,Houston Rockets,85,63,0
1028,Cleveland Cavaliers,106,79,Memphis Grizzlies,76,55,0
1028,New Orleans Pelicans,94,67,Portland Trail Blazers,112,87,1
1028,Dallas Mavericks,111,88,Phoenix Suns,95,66,0
1028,LA Clippers,111,85,Sacramento Kings,104,74,0
1028,Minnesota Timberwolves,112,88,Los Angeles Lakers,111,95,0
1029,Memphis Grizzlies,112,73,Indiana Pacers,103,75,0
1029,Atlanta Hawks,112,84,New York Knicks,101,72,0
1029,Dallas Mavericks,88,68,LA Clippers,104,85,1
1030,Miami Heat,92,67,Cleveland Cavaliers,102,76,1
1030,Utah Jazz,99,74,Philadelphia 76ers,71,53,0
1030,Oklahoma City Thunder,139,75,Orlando Magic,136,93,0
1030,Toronto Raptors,113,84,Boston Celtics,103,75,0
1030,Chicago Bulls,94,64,Detroit Pistons,98,64,1
1030,Washington Wizards,118,82,Milwaukee Bucks,113,92,0
1030,Charlotte Hornets,94,69,Atlanta Hawks,97,76,1
1030,Brooklyn Nets,75,64,San Antonio Spurs,102,76,1
1030,Minnesota Timberwolves,95,79,Denver Nuggets,78,63,0
1030,Golden State Warriors,112,81,Houston Rockets,92,65,0
1030,Los Angeles Lakers,114,83,Sacramento Kings,132,102,1
1030,Portland Trail Blazers,92,69,Phoenix Suns,110,83,1
1031,Utah Jazz,97,70,Indiana Pacers,76,61,0
1031,New York Knicks,117,87,Washington Wizards,110,90,0
1031,Golden State Warriors,134,105,New Orleans Pelicans,120,91,0
1031,Brooklyn Nets,91,69,Memphis Grizzlies,101,79,1
1031,Phoenix Suns,101,74,Portland Trail Blazers,90,71,0
1031,Sacramento Kings,109,79,LA Clippers,114,83,1
1101,Atlanta Hawks,94,70,Charlotte Hornets,92,76,0
1101,San Antonio Spurs,95,64,Boston Celtics,87,54,0
1101,Milwaukee Bucks,87,71,Toronto Raptors,106,81,1
1101,Houston Rockets,89,75,Miami Heat,109,75,1
1101,Orlando Magic,87,63,Chicago Bulls,92,75,1
1101,Denver Nuggets,93,70,Oklahoma City Thunder,117,95,1
1101,Dallas Mavericks,103,81,Los Angeles Lakers,93,64,0
1102,Cleveland Cavaliers,107,82,Philadelphia 76ers,100,72,0
1102,San Antonio Spurs,94,70,New York Knicks,84,65,0
1102,Milwaukee Bucks,103,80,Brooklyn Nets,96,80,0
1102,Oklahoma City Thunder,105,79,Houston Rockets,110,82,1
1102,Portland Trail Blazers,106,83,Minnesota Timberwolves,101,80,0
1102,Memphis Grizzlies,69,49,Golden State Warriors,119,93,1
1102,Phoenix Suns,96,72,LA Clippers,102,75,1
1103,Chicago Bulls,105,77,Charlotte Hornets,130,100,1
1103,Atlanta Hawks,98,79,Miami Heat,92,65,0
1103,Indiana Pacers,94,85,Detroit Pistons,82,67,0
1103,Orlando Magic,103,78,New Orleans Pelicans,94,69,0
1103,Toronto Raptors,102,74,Dallas Mavericks,91,73,0
1103,Memphis Grizzlies,103,83,Sacramento Kings,89,67,0
1103,Denver Nuggets,120,93,Los Angeles Lakers,109,83,0
1104,San Antonio Spurs,99,73,Washington Wizards,102,66,1
1104,Boston Celtics,98,72,Indiana Pacers,100,73,1
1104,New York Knicks,86,69,Cleveland Cavaliers,96,70,1
1104,Brooklyn Nets,87,70,Atlanta Hawks,101,72,1
1104,Philadelphia 76ers,87,67,Milwaukee Bucks,91,68,1
1104,Orlando Magic,114,88,Houston Rockets,119,90,1
1104,Toronto Raptors,103,73,Oklahoma City Thunder,98,81,0
1104,Portland Trail Blazers,108,76,Utah Jazz,92,68,0
1104,Sacramento Kings,97,69,Phoenix Suns,118,81,1
1104,LA Clippers,108,83,Golden State Warriors,112,82,1
1105,Oklahoma City Thunder,98,73,Chicago Bulls,104,76,1
1105,Miami Heat,96,73,Minnesota Timberwolves,84,61,0
1105,Charlotte Hornets,108,78,Dallas Mavericks,94,67,0
1105,Utah Jazz,96,65,Denver Nuggets,84,64,0
1105,Memphis Grizzlies,96,71,Portland Trail Blazers,115,90,1
1106,Toronto Raptors,87,69,Orlando Magic,92,64,1
1106,Los Angeles Lakers,104,79,Brooklyn Nets,98,72,0
1106,Washington Wizards,98,74,Boston Celtics,118,100,1
1106,Philadelphia 76ers,102,73,Cleveland Cavaliers,108,81,1
1106,Milwaukee Bucks,99,75,New York Knicks,92,73,0
1106,Miami Heat,87,68,Indiana Pacers,90,71,1
1106,Atlanta Hawks,121,89,New Orleans Pelicans,115,79,0
1106,Detroit Pistons,100,67,Phoenix Suns,92,63,0
1106,Houston Rockets,116,85,Sacramento Kings,110,78,0
1106,Denver Nuggets,104,75,Golden State Warriors,119,99,1
1107,Minnesota Timberwolves,102,76,Chicago Bulls,93,77,0
1107,Orlando Magic,105,81,Philadelphia 76ers,97,73,0
1107,Washington Wizards,99,78,Atlanta Hawks,114,75,1
1107,Charlotte Hornets,94,76,San Antonio Spurs,114,93,1
1107,Brooklyn Nets,86,61,Milwaukee Bucks,94,67,1
1107,New Orleans Pelicans,98,70,Dallas Mavericks,107,72,1
1107,Memphis Grizzlies,79,57,Utah Jazz,89,77,1
1107,Golden State Warriors,103,72,Sacramento Kings,94,68,0
1107,Houston Rockets,109,83,LA Clippers,105,78,0
1108,Los Angeles Lakers,95,70,New York Knicks,99,71,1
1108,Indiana Pacers,97,73,Cleveland Cavaliers,101,74,1
1108,Toronto Raptors,76,63,Miami Heat,96,74,1
1108,Phoenix Suns,103,77,Oklahoma City Thunder,124,89,1
1108,Detroit Pistons,120,79,Portland Trail Blazers,103,92,0
1109,Chicago Bulls,111,76,Philadelphia 76ers,88,62,0
1109,Orlando Magic,84,71,Indiana Pacers,97,72,1
1109,Minnesota Timberwolves,117,93,Atlanta Hawks,107,84,0
1109,Portland Trail Blazers,104,80,Denver Nuggets,108,79,1
1109,San Antonio Spurs,106,72,Sacramento Kings,88,69,0
1109,Memphis Grizzlies,92,66,LA Clippers,94,70,1
1109,Detroit Pistons,95,76,Golden State Warriors,109,80,1
1110,Oklahoma City Thunder,125,97,Washington Wizards,101,71,0
1110,Utah Jazz,114,80,Cleveland Cavaliers,118,80,1
1110,Los Angeles Lakers,88,66,Miami Heat,101,75,1
1110,New York Knicks,111,85,Toronto Raptors,109,85,0
1110,Dallas Mavericks,105,75,New Orleans Pelicans,120,94,1
1110,Charlotte Hornets,104,85,Minnesota Timberwolves,95,80,0
1110,Boston Celtics,99,76,Milwaukee Bucks,83,59,0
1111,Los Angeles Lakers,99,70,Orlando Magic,101,74,1
1111,Toronto Raptors,119,96,Philadelphia 76ers,103,77,0
1111,New York Knicks,93,79,Charlotte Hornets,95,69,1
1111,Indiana Pacers,102,81,Boston Celtics,91,74,0
1111,LA Clippers,108,78,Dallas Mavericks,118,84,1
1111,New Orleans Pelicans,98,75,Atlanta Hawks,106,76,1
1111,Golden State Warriors,100,74,Memphis Grizzlies,84,63,0
1111,Brooklyn Nets,106,79,Houston Rockets,98,83,0
1111,Milwaukee Bucks,102,80,Denver Nuggets,103,87,1
1111,Detroit Pistons,92,70,Sacramento Kings,101,86,1
1111,San Antonio Spurs,113,81,Portland Trail Blazers,101,75,0
1112,Utah Jazz,91,66,Miami Heat,92,66,1
1112,Golden State Warriors,129,97,Minnesota Timberwolves,116,87,0
1112,LA Clippers,104,73,Phoenix Suns,118,93,1
1113,Utah Jazz,93,63,Orlando Magic,102,80,1
1113,Minnesota Timberwolves,103,73,Indiana Pacers,107,90,1
1113,Cleveland Cavaliers,90,66,New York Knicks,84,72,0
1113,New Orleans Pelicans,81,61,Toronto Raptors,100,72,1
1113,Atlanta Hawks,93,69,Boston Celtics,106,80,1
1113,Philadelphia 76ers,85,61,Oklahoma City Thunder,102,71,1
1113,Portland Trail Blazers,100,70,Memphis Grizzlies,101,79,1
1113,Charlotte Hornets,97,75,Chicago Bulls,102,73,1
1113,Los Angeles Lakers,82,55,Dallas Mavericks,90,64,1
1113,Houston Rockets,98,74,Denver Nuggets,107,82,1
1113,Brooklyn Nets,109,82,Sacramento Kings,111,85,1
1114,Detroit Pistons,96,80,LA Clippers,101,81,1
1114,Orlando Magic,99,76,Washington Wizards,108,79,1
1114,Dallas Mavericks,110,82,Houston Rockets,98,67,0
1114,Cleveland Cavaliers,105,61,Milwaukee Bucks,108,70,1
1114,Philadelphia 76ers,83,60,San Antonio Spurs,92,76,1
1114,Denver Nuggets,81,54,Phoenix Suns,105,88,1
1114,Brooklyn Nets,99,77,Golden State Warriors,107,70,1
1115,New Orleans Pelicans,87,65,New York Knicks,95,68,1
1115,Memphis Grizzlies,114,81,Minnesota Timberwolves,106,79,0
1115,Portland Trail Blazers,94,66,Charlotte Hornets,106,89,1
1115,Utah Jazz,97,74,Atlanta Hawks,96,74,0
1115,Boston Celtics,100,72,Oklahoma City Thunder,85,74,0
1115,Toronto Raptors,101,82,Sacramento Kings,107,79,1
1115,Detroit Pistons,85,66,Los Angeles Lakers,97,66,1
1116,Dallas Mavericks,92,68,Philadelphia 76ers,86,65,0
1116,Indiana Pacers,95,75,Chicago Bulls,96,79,1
1116,Boston Celtics,111,87,Houston Rockets,95,68,0
1116,Oklahoma City Thunder,114,80,Memphis Grizzlies,122,79,1
1116,Portland Trail Blazers,80,60,San Antonio Spurs,93,65,1
1116,Los Angeles Lakers,101,75,Phoenix Suns,120,80,1
1117,Milwaukee Bucks,86,66,Washington Wizards,115,85,1
1117,Atlanta Hawks,88,68,Brooklyn Nets,90,72,1
1117,Minnesota Timberwolves,103,62,Miami Heat,91,69,0
1117,Cleveland Cavaliers,99,81,Detroit Pistons,104,75,1
1117,Charlotte Hornets,94,72,New York Knicks,102,80,1
1117,Denver Nuggets,115,83,New Orleans Pelicans,98,75,0
1117,Toronto Raptors,110,83,Golden State Warriors,115,90,1
1118,Indiana Pacers,112,84,Philadelphia 76ers,85,62,0
1118,Minnesota Timberwolves,101,76,Orlando Magic,104,71,1
1118,Brooklyn Nets,111,86,Charlotte Hornets,116,86,1
1118,Dallas Mavericks,106,70,Boston Celtics,102,78,0
1118,New Orleans Pelicans,103,74,Oklahoma City Thunder,110,80,1
1118,Portland Trail Blazers,103,76,Houston Rockets,108,61,1
1118,Sacramento Kings,97,79,Atlanta Hawks,103,81,1
1118,Denver Nuggets,98,79,San Antonio Spurs,109,93,1
1118,Toronto Raptors,89,64,Utah Jazz,93,59,1
1118,Chicago Bulls,103,72,Phoenix Suns,97,70,0
1119,Sacramento Kings,109,76,Miami Heat,116,82,1
1119,Milwaukee Bucks,100,79,Cleveland Cavaliers,115,86,1
1119,Golden State Warriors,124,85,LA Clippers,117,91,0
1120,Philadelphia 76ers,88,70,Charlotte Hornets,113,85,1
1120,Brooklyn Nets,95,67,Boston Celtics,120,91,1
1120,Detroit Pistons,96,68,Minnesota Timberwolves,86,65,0
1120,New York Knicks,93,73,Oklahoma City Thunder,90,62,0
1120,San Antonio Spurs,90,74,New Orleans Pelicans,104,78,1
1120,Houston Rockets,84,70,Memphis Grizzlies,96,79,1
1120,Utah Jazz,93,71,Dallas Mavericks,102,80,1
1120,Phoenix Suns,114,80,Denver Nuggets,107,84,0
1120,LA Clippers,91,73,Portland Trail Blazers,102,75,1
1120,Chicago Bulls,94,73,Golden State Warriors,106,77,1
1120,Toronto Raptors,102,76,Los Angeles Lakers,91,68,0
1121,Sacramento Kings,97,83,Orlando Magic,91,67,0
1121,Milwaukee Bucks,86,67,Indiana Pacers,123,90,1
1121,Atlanta Hawks,97,64,Cleveland Cavaliers,109,77,1
1121,Philadelphia 76ers,91,74,Miami Heat,96,67,1
1121,Washington Wizards,97,75,Detroit Pistons,95,73,0
1121,New York Knicks,107,79,Houston Rockets,102,77,0
1121,Memphis Grizzlies,82,61,San Antonio Spurs,92,74,1
1122,Toronto Raptors,91,71,LA Clippers,80,55,0
1122,Phoenix Suns,116,85,New Orleans Pelicans,122,92,1
1122,Boston Celtics,101,78,Brooklyn Nets,111,86,1
1122,Dallas Mavericks,114,85,Oklahoma City Thunder,117,87,1
1122,Golden State Warriors,118,91,Denver Nuggets,105,79,0
1122,Portland Trail Blazers,107,84,Los Angeles Lakers,93,74,0
1123,Orlando Magic,103,76,Cleveland Cavaliers,117,92,1
1123,Sacramento Kings,122,91,Charlotte Hornets,127,74,1
1123,New York Knicks,78,56,Miami Heat,95,73,1
1123,Philadelphia 76ers,95,73,Minnesota Timberwolves,100,74,1
1123,Detroit Pistons,88,62,Milwaukee Bucks,109,88,1
1123,Phoenix Suns,84,60,San Antonio Spurs,98,67,1
1123,Oklahoma City Thunder,111,88,Utah Jazz,89,68,0
1124,Indiana Pacers,123,93,Washington Wizards,106,82,0
1124,Boston Celtics,97,73,Atlanta Hawks,121,81,1
1124,Dallas Mavericks,96,60,Memphis Grizzlies,110,82,1
1124,LA Clippers,111,83,Denver Nuggets,94,72,0
1124,Chicago Bulls,93,71,Portland Trail Blazers,88,63,0
1124,Los Angeles Lakers,77,55,Golden State Warriors,111,89,1
1125,New York Knicks,91,63,Orlando Magic,100,72,1
1125,Washington Wizards,87,81,Charlotte Hornets,101,74,1
1125,Philadelphia 76ers,80,62,Boston Celtics,84,57,1
1125,Miami Heat,81,62,Detroit Pistons,104,83,1
1125,Cleveland Cavaliers,99,80,Toronto Raptors,103,82,1
1125,Memphis Grizzlies,102,82,Houston Rockets,93,77,0
1125,Sacramento Kings,129,96,Milwaukee Bucks,118,92,0
1125,Brooklyn Nets,99,76,Oklahoma City Thunder,110,83,1
1125,Atlanta Hawks,95,74,Minnesota Timberwolves,99,70,1
1125,Dallas Mavericks,83,60,San Antonio Spurs,88,63,1
1125,New Orleans Pelicans,120,88,Phoenix Suns,114,85,0
1125,Utah Jazz,102,73,LA Clippers,91,68,0
1127,Milwaukee Bucks,90,65,Orlando Magic,114,86,1
1127,Cleveland Cavaliers,95,72,Charlotte Hornets,90,76,0
1127,Miami Heat,97,74,New York Knicks,78,63,0
1127,Washington Wizards,78,56,Boston Celtics,111,79,1
1127,Philadelphia 76ers,114,80,Houston Rockets,116,91,1
1127,Atlanta Hawks,116,85,Memphis Grizzlies,101,82,0
1127,Detroit Pistons,87,71,Oklahoma City Thunder,103,76,1
1127,Chicago Bulls,92,63,Indiana Pacers,104,72,1
1127,San Antonio Spurs,91,70,Denver Nuggets,80,59,0
1127,Golden State Warriors,135,103,Phoenix Suns,116,81,0
1127,Minnesota Timberwolves,101,75,Sacramento Kings,91,68,0
1127,New Orleans Pelicans,90,72,LA Clippers,111,90,1
1128,Toronto Raptors,84,62,Washington Wizards,82,68,0
1128,Brooklyn Nets,88,68,Cleveland Cavaliers,90,69,1
1128,Atlanta Hawks,88,59,San Antonio Spurs,108,80,1
1128,Denver Nuggets,81,57,Dallas Mavericks,92,73,1
1128,New Orleans Pelicans,87,60,Utah Jazz,101,76,1
1128,Los Angeles Lakers,96,76,Portland Trail Blazers,108,84,1
1128,Sacramento Kings,101,71,Golden State Warriors,120,92,1
1129,Milwaukee Bucks,82,59,Charlotte Hornets,87,65,1
1129,Minnesota Timberwolves,99,61,LA Clippers,107,71,1
1129,Phoenix Suns,107,81,Toronto Raptors,102,72,0
1129,Detroit Pistons,83,67,Brooklyn Nets,87,59,1
1129,Philadelphia 76ers,84,67,Memphis Grizzlies,92,64,1
1129,Boston Celtics,91,67,Orlando Magic,110,84,1
1129,Houston Rockets,116,69,New York Knicks,111,77,0
1129,Indiana Pacers,107,80,Los Angeles Lakers,103,65,0
1130,Boston Celtics,105,81,Miami Heat,95,75,0
1130,Houston Rockets,105,73,Detroit Pistons,116,84,1
1130,San Antonio Spurs,89,73,Chicago Bulls,92,70,1
1130,Denver Nuggets,74,60,Milwaukee Bucks,92,67,1
1130,Oklahoma City Thunder,100,74,Atlanta Hawks,106,79,1
1130,Golden State Warriors,106,83,Utah Jazz,103,77,0
1130,Dallas Mavericks,98,71,Sacramento Kings,112,76,1
1130,Portland Trail Blazers,87,64,LA Clippers,102,74,1
1201,Washington Wizards,97,80,Cleveland Cavaliers,85,67,0
1201,Los Angeles Lakers,91,75,Philadelphia 76ers,103,80,1
1201,Phoenix Suns,91,73,Brooklyn Nets,94,70,1
1201,Memphis Grizzlies,113,91,New Orleans Pelicans,104,85,0
1201,Orlando Magic,96,76,Minnesota Timberwolves,93,67,0
1201,Dallas Mavericks,115,74,Portland Trail Blazers,112,73,0
1202,Los Angeles Lakers,108,78,Washington Wizards,104,75,0
1202,Golden State Warriors,116,93,Charlotte Hornets,99,72,0
1202,Phoenix Suns,122,89,Detroit Pistons,127,80,1
1202,Philadelphia 76ers,87,58,New York Knicks,99,81,1
1202,Denver Nuggets,90,72,Chicago Bulls,99,68,1
1202,New Orleans Pelicans,101,82,Houston Rockets,108,84,1
1202,Toronto Raptors,96,57,Atlanta Hawks,86,66,0
1202,Milwaukee Bucks,70,55,San Antonio Spurs,95,76,1
1202,Indiana Pacers,103,72,LA Clippers,91,69,0
1203,Oklahoma City Thunder,95,76,Miami Heat,97,74,1
1203,Denver Nuggets,106,81,Toronto Raptors,105,71,0
1203,Orlando Magic,103,77,Utah Jazz,94,78,0
1203,San Antonio Spurs,103,74,Memphis Grizzlies,83,57,0
1203,Indiana Pacers,111,90,Portland Trail Blazers,123,97,1
1204,Brooklyn Nets,91,67,New York Knicks,108,92,1
1204,Phoenix Suns,106,85,Washington Wizards,109,78,1
1204,Milwaukee Bucks,95,59,Detroit Pistons,102,67,1
1204,Los Angeles Lakers,87,66,Atlanta Hawks,100,72,1
1204,Houston Rockets,100,78,Dallas Mavericks,96,78,0
1204,Cleveland Cavaliers,108,77,New Orleans Pelicans,114,84,1
1205,Denver Nuggets,108,77,Philadelphia 76ers,105,85,0
1205,Golden State Warriors,112,83,Toronto Raptors,109,79,0
1205,Cleveland Cavaliers,84,64,Miami Heat,99,83,1
1205,Portland Trail Blazers,109,80,Minnesota Timberwolves,103,82,0
1205,Sacramento Kings,113,85,Houston Rockets,120,84,1
1205,Charlotte Hornets,102,72,Chicago Bulls,96,75,0
1205,New York Knicks,91,69,Milwaukee Bucks,106,81,1
1205,Boston Celtics,105,71,San Antonio Spurs,108,86,1
1205,Indiana Pacers,119,84,Utah Jazz,122,84,1
1205,Orlando Magic,101,79,LA Clippers,103,74,1
1206,Phoenix Suns,93,68,Memphis Grizzlies,95,67,1
1206,Los Angeles Lakers,91,65,Detroit Pistons,111,90,1
1206,Golden State Warriors,114,87,Brooklyn Nets,98,80,0
1206,Dallas Mavericks,116,87,Washington Wizards,104,84,0
1206,Sacramento Kings,95,64,Oklahoma City Thunder,98,76,1
1207,Detroit Pistons,84,70,Charlotte Hornets,104,88,1
1207,San Antonio Spurs,119,96,Philadelphia 76ers,68,52,0
1207,Dallas Mavericks,104,88,New York Knicks,97,72,0
1207,Los Angeles Lakers,93,71,Toronto Raptors,102,71,1
1207,Washington Wizards,114,87,Miami Heat,103,84,0
1207,Boston Celtics,111,81,New Orleans Pelicans,93,67,0
1207,Phoenix Suns,103,61,Chicago Bulls,101,77,0
1207,Portland Trail Blazers,88,62,Milwaukee Bucks,90,60,1
1207,LA Clippers,110,71,Minnesota Timberwolves,106,77,0
1208,Golden State Warriors,131,111,Indiana Pacers,123,83,0
1208,Portland Trail Blazers,100,75,Cleveland Cavaliers,105,77,1
1208,Houston Rockets,105,72,Brooklyn Nets,110,80,1
1208,Oklahoma City Thunder,125,98,Memphis Grizzlies,88,63,0
1208,Orlando Magic,85,62,Denver Nuggets,74,63,0
1208,Utah Jazz,106,80,Sacramento Kings,114,86,1
1209,Miami Heat,81,54,Charlotte Hornets,99,80,1
1209,Chicago Bulls,100,75,Boston Celtics,105,75,1
1209,Houston Rockets,109,82,Washington Wizards,103,83,0
1209,San Antonio Spurs,94,62,Toronto Raptors,97,73,1
1209,Memphis Grizzlies,93,67,Detroit Pistons,92,74,0
1209,Los Angeles Lakers,122,81,Minnesota Timberwolves,123,84,1
1209,LA Clippers,109,75,Milwaukee Bucks,95,68,0
1209,Orlando Magic,104,73,Phoenix Suns,107,84,1
1209,New York Knicks,85,59,Utah Jazz,106,82,1
1209,Atlanta Hawks,98,76,Dallas Mavericks,95,72,0
1210,Philadelphia 76ers,91,74,Brooklyn Nets,100,70,1
1210,Atlanta Hawks,94,75,Oklahoma City Thunder,107,83,1
1210,LA Clippers,80,54,Chicago Bulls,83,64,1
1210,New York Knicks,97,65,Sacramento Kings,99,76,1
1211,Detroit Pistons,107,89,Philadelphia 76ers,95,66,0
1211,Miami Heat,83,68,Indiana Pacers,96,77,1
1211,Cleveland Cavaliers,111,83,Orlando Magic,76,52,0
1211,Golden State Warriors,124,82,Boston Celtics,119,75,0
1211,Milwaukee Bucks,83,60,Toronto Raptors,90,70,1
1211,Washington Wizards,105,77,New Orleans Pelicans,107,77,1
1211,Charlotte Hornets,123,93,Memphis Grizzlies,99,73,0
1211,Oklahoma City Thunder,94,72,Utah Jazz,90,67,0
1211,Minnesota Timberwolves,108,78,Denver Nuggets,111,73,1
1211,Los Angeles Lakers,87,71,San Antonio Spurs,109,79,1
1211,Portland Trail Blazers,106,78,Phoenix Suns,96,82,0
1212,LA Clippers,105,77,Brooklyn Nets,100,63,0
1212,Boston Celtics,98,73,Charlotte Hornets,93,69,0
1212,Indiana Pacers,96,79,Detroit Pistons,118,102,1
1212,Los Angeles Lakers,97,76,Houston Rockets,126,91,1
1212,San Antonio Spurs,103,79,Atlanta Hawks,78,55,0
1212,New Orleans Pelicans,94,70,Chicago Bulls,98,64,1
1212,Golden State Warriors,95,77,Milwaukee Bucks,108,80,1
1212,Washington Wizards,114,90,Dallas Mavericks,111,72,0
1212,New York Knicks,112,76,Portland Trail Blazers,110,86,0
1213,Minnesota Timberwolves,101,66,Phoenix Suns,108,85,1
1213,Memphis Grizzlies,97,78,Miami Heat,100,71,1
1213,Philadelphia 76ers,76,58,Toronto Raptors,96,69,1
1213,Utah Jazz,98,76,Oklahoma City Thunder,104,71,1
1214,Toronto Raptors,90,64,Indiana Pacers,106,73,1
1214,LA Clippers,105,73,Detroit Pistons,103,63,0
1214,Orlando Magic,105,83,Brooklyn Nets,82,69,0
1214,Philadelphia 76ers,96,68,Chicago Bulls,115,85,1
1214,Miami Heat,100,74,Atlanta Hawks,88,61,0
1214,Washington Wizards,95,61,Memphis Grizzlies,112,83,1
1214,Phoenix Suns,94,58,Dallas Mavericks,104,77,1
1214,Utah Jazz,81,58,San Antonio Spurs,118,98,1
1214,Houston Rockets,108,82,Denver Nuggets,114,88,1
1214,New Orleans Pelicans,101,69,Portland Trail Blazers,105,78,1
1215,Cleveland Cavaliers,89,69,Boston Celtics,77,61,0
1215,Denver Nuggets,112,92,Minnesota Timberwolves,100,80,0
1215,Houston Rockets,97,74,Sacramento Kings,107,82,1
1215,Milwaukee Bucks,95,66,Los Angeles Lakers,113,86,1
1216,Dallas Mavericks,81,64,Indiana Pacers,107,75,1
1216,Charlotte Hornets,98,73,Orlando Magic,113,89,1
1216,Minnesota Timberwolves,102,70,New York Knicks,107,78,1
1216,Miami Heat,104,84,Brooklyn Nets,98,78,0
1216,Boston Celtics,116,83,Detroit Pistons,119,85,1
1216,Philadelphia 76ers,106,76,Atlanta Hawks,127,102,1
1216,Portland Trail Blazers,90,67,Oklahoma City Thunder,106,88,1
1216,Memphis Grizzlies,85,66,Chicago Bulls,98,74,1
1216,Washington Wizards,95,71,San Antonio Spurs,114,86,1
1216,New Orleans Pelicans,104,73,Utah Jazz,94,79,0
1216,Milwaukee Bucks,90,66,LA Clippers,103,78,1
1216,Phoenix Suns,103,65,Golden State Warriors,128,105,1
1217,Toronto Raptors,99,65,Charlotte Hornets,109,77,1
1217,Oklahoma City Thunder,100,78,Cleveland Cavaliers,104,74,1
1217,Houston Rockets,107,78,Los Angeles Lakers,87,68,0
1218,Portland Trail Blazers,94,68,Orlando Magic,102,74,1
1218,Brooklyn Nets,97,77,Indiana Pacers,104,72,1
1218,New York Knicks,107,89,Philadelphia 76ers,97,68,0
1218,Atlanta Hawks,109,71,Boston Celtics,101,73,0
1218,Toronto Raptors,108,81,Miami Heat,94,77,0
1218,Detroit Pistons,147,74,Chicago Bulls,144,77,0
1218,Sacramento Kings,95,77,Minnesota Timberwolves,99,83,1
1218,LA Clippers,107,88,San Antonio Spurs,115,85,1
1218,Memphis Grizzlies,88,66,Dallas Mavericks,97,75,1
1218,Denver Nuggets,88,73,Utah Jazz,97,77,1
1218,New Orleans Pelicans,88,64,Phoenix Suns,104,77,1
1218,Milwaukee Bucks,112,93,Golden State Warriors,121,85,1
1219,Los Angeles Lakers,78,55,Oklahoma City Thunder,118,92,1
1219,Charlotte Hornets,101,75,Washington Wizards,109,86,1
1219,Chicago Bulls,91,68,New York Knicks,107,77,1
1219,Indiana Pacers,84,66,Memphis Grizzlies,96,70,1
1219,LA Clippers,97,71,Houston Rockets,107,83,1
1220,Minnesota Timberwolves,100,75,Brooklyn Nets,85,65,0
1220,Portland Trail Blazers,109,86,Miami Heat,116,82,1
1220,Philadelphia 76ers,86,60,Cleveland Cavaliers,108,88,1
1220,Milwaukee Bucks,101,70,Phoenix Suns,95,71,0
1220,Atlanta Hawks,103,77,Orlando Magic,100,78,0
1220,Sacramento Kings,104,78,Toronto Raptors,94,70,0
1220,New Orleans Pelicans,130,99,Denver Nuggets,125,96,0
1221,Sacramento Kings,99,84,Washington Wizards,113,84,1
1221,Minnesota Timberwolves,99,72,Boston Celtics,113,92,1
1221,Orlando Magic,107,78,New York Knicks,99,73,0
1221,Brooklyn Nets,105,85,Chicago Bulls,102,78,0
1221,Portland Trail Blazers,97,58,Atlanta Hawks,106,77,1
1221,Charlotte Hornets,95,60,Houston Rockets,102,69,1
1221,Indiana Pacers,92,70,San Antonio Spurs,106,79,1
1221,Phoenix Suns,89,61,Utah Jazz,110,79,1
1221,Oklahoma City Thunder,100,72,LA Clippers,99,77,0
1222,Memphis Grizzlies,104,77,Philadelphia 76ers,90,66,0
1222,Dallas Mavericks,99,67,Toronto Raptors,103,72,1
1222,Detroit Pistons,93,72,Miami Heat,92,75,0
1222,Los Angeles Lakers,111,83,Denver Nuggets,107,80,0
1223,New York Knicks,84,72,Cleveland Cavaliers,91,72,1
1223,Boston Celtics,102,74,Charlotte Hornets,89,62,0
1223,Houston Rockets,101,74,Orlando Magic,104,87,1
1223,Memphis Grizzlies,91,65,Washington Wizards,100,81,1
1223,Sacramento Kings,108,84,Indiana Pacers,106,82,0
1223,Dallas Mavericks,119,81,Brooklyn Nets,118,87,0
1223,San Antonio Spurs,108,77,Minnesota Timberwolves,83,61,0
1223,Portland Trail Blazers,89,65,New Orleans Pelicans,115,80,1
1223,Philadelphia 76ers,100,70,Milwaukee Bucks,113,92,1
1223,Detroit Pistons,100,67,Atlanta Hawks,107,82,1
1223,Denver Nuggets,104,79,Phoenix Suns,96,72,0
1223,Utah Jazz,85,58,Golden State Warriors,103,73,1
1223,Oklahoma City Thunder,120,92,Los Angeles Lakers,85,61,0
1225,New Orleans Pelicans,88,52,Miami Heat,94,63,1
1225,Chicago Bulls,105,86,Oklahoma City Thunder,96,68,0
1225,Cleveland Cavaliers,83,59,Golden State Warriors,89,64,1
1225,San Antonio Spurs,84,60,Houston Rockets,88,61,1
1225,LA Clippers,94,85,Los Angeles Lakers,84,57,0
1226,Washington Wizards,111,79,Brooklyn Nets,96,77,0
1226,Toronto Raptors,111,76,Milwaukee Bucks,90,79,0
1226,Houston Rockets,108,91,New Orleans Pelicans,110,84,1
1226,Memphis Grizzlies,92,74,Charlotte Hornets,98,74,1
1226,Miami Heat,108,69,Orlando Magic,101,76,0
1226,Boston Celtics,99,76,Detroit Pistons,93,61,0
1226,New York Knicks,98,75,Atlanta Hawks,117,87,1
1226,Indiana Pacers,102,66,Minnesota Timberwolves,88,68,0
1226,Chicago Bulls,111,89,Dallas Mavericks,118,90,1
1226,Denver Nuggets,86,65,San Antonio Spurs,101,76,1
1226,Philadelphia 76ers,111,85,Phoenix Suns,104,75,0
1226,LA Clippers,109,79,Utah Jazz,104,77,0
1226,Cleveland Cavaliers,76,59,Portland Trail Blazers,105,90,1
1227,Los Angeles Lakers,96,74,Memphis Grizzlies,112,92,1
1227,New York Knicks,91,65,Boston Celtics,100,77,1
1227,Denver Nuggets,112,90,Oklahoma City Thunder,122,91,1
1227,Portland Trail Blazers,98,80,Sacramento Kings,94,80,0
1228,New Orleans Pelicans,89,64,Orlando Magic,104,75,1
1228,Atlanta Hawks,87,68,Indiana Pacers,93,74,1
1228,Los Angeles Lakers,98,81,Charlotte Hornets,108,85,1
1228,LA Clippers,108,86,Washington Wizards,91,71,0
1228,Brooklyn Nets,111,78,Miami Heat,105,77,0
1228,Toronto Raptors,97,73,Chicago Bulls,104,78,1
1228,Minnesota Timberwolves,95,72,San Antonio Spurs,101,76,1
1228,Milwaukee Bucks,93,72,Dallas Mavericks,103,79,1
1228,Philadelphia 76ers,91,78,Utah Jazz,95,78,1
1228,Cleveland Cavaliers,101,81,Phoenix Suns,97,73,0
1228,Sacramento Kings,103,75,Golden State Warriors,122,90,1
1229,Detroit Pistons,96,72,New York Knicks,108,79,1
1229,Miami Heat,90,62,Memphis Grizzlies,99,69,1
1229,Milwaukee Bucks,123,88,Oklahoma City Thunder,131,92,1
1229,Atlanta Hawks,121,85,Houston Rockets,115,92,0
1229,Cleveland Cavaliers,93,72,Denver Nuggets,87,62,0
1230,Brooklyn Nets,93,73,Orlando Magic,100,68,1
1230,LA Clippers,122,92,Charlotte Hornets,117,86,0
1230,Los Angeles Lakers,112,89,Boston Celtics,104,78,0
1230,Washington Wizards,91,65,Toronto Raptors,94,77,1
1230,Indiana Pacers,100,62,Chicago Bulls,102,66,1
1230,Utah Jazz,80,52,Minnesota Timberwolves,94,62,1
1230,Golden State Warriors,91,68,Dallas Mavericks,114,87,1
1230,Phoenix Suns,79,56,San Antonio Spurs,112,84,1
1230,Denver Nuggets,103,71,Portland Trail Blazers,110,84,1
1230,Philadelphia 76ers,110,85,Sacramento Kings,105,81,0
1231,Milwaukee Bucks,120,89,Indiana Pacers,116,77,0
1231,Minnesota Timberwolves,90,70,Detroit Pistons,115,78,1
1231,Golden State Warriors,114,90,Houston Rockets,110,82,0
1231,Phoenix Suns,106,80,Oklahoma City Thunder,110,87,1
1231,LA Clippers,95,71,New Orleans Pelicans,89,63,0
1231,Portland Trail Blazers,96,71,Utah Jazz,109,86,1
101,Orlando Magic,91,72,Washington Wizards,103,72,1
101,Dallas Mavericks,82,61,Miami Heat,106,80,1
101,Charlotte Hornets,94,82,Toronto Raptors,104,74,1
101,New York Knicks,81,73,Chicago Bulls,108,77,1
101,Philadelphia 76ers,84,60,Los Angeles Lakers,93,62,1
102,Brooklyn Nets,100,81,Boston Celtics,97,71,0
102,Phoenix Suns,119,87,Sacramento Kings,142,103,1
102,Detroit Pistons,82,59,Indiana Pacers,94,64,1
102,Oklahoma City Thunder,109,87,Charlotte Hornets,90,76,0
102,Orlando Magic,79,53,Cleveland Cavaliers,104,81,1
102,Milwaukee Bucks,95,72,Minnesota Timberwolves,85,70,0
102,New Orleans Pelicans,105,74,Dallas Mavericks,98,66,0
102,Houston Rockets,103,72,San Antonio Spurs,121,96,1
102,Memphis Grizzlies,87,69,Utah Jazz,92,66,1
102,Denver Nuggets,108,77,Golden State Warriors,111,90,1
102,Philadelphia 76ers,99,74,LA Clippers,130,103,1
103,Atlanta Hawks,97,76,New York Knicks,111,86,1
103,Chicago Bulls,115,81,Toronto Raptors,113,87,0
103,Miami Heat,97,73,Washington Wizards,75,51,0
103,Portland Trail Blazers,112,80,Denver Nuggets,106,80,0
103,Phoenix Suns,77,51,Los Angeles Lakers,97,81,1
104,Minnesota Timberwolves,99,79,Philadelphia 76ers,109,80,1
104,Toronto Raptors,100,78,Cleveland Cavaliers,122,90,1
104,Indiana Pacers,100,74,Miami Heat,103,66,1
104,Orlando Magic,89,74,Detroit Pistons,115,88,1
104,Boston Celtics,103,79,Brooklyn Nets,94,68,0
104,San Antonio Spurs,123,90,Milwaukee Bucks,98,75,0
104,Sacramento Kings,116,90,Oklahoma City Thunder,104,82,0
104,Houston Rockets,93,69,Utah Jazz,91,77,0
104,Memphis Grizzlies,91,70,Portland Trail Blazers,78,52,0
104,Charlotte Hornets,101,77,Golden State Warriors,111,95,1
105,New York Knicks,107,84,Atlanta Hawks,101,71,0
105,Milwaukee Bucks,106,89,Chicago Bulls,117,94,1
105,Sacramento Kings,116,70,Dallas Mavericks,117,78,1
105,Golden State Warriors,109,92,Los Angeles Lakers,88,60,0
106,Indiana Pacers,95,66,Orlando Magic,86,59,0
106,New York Knicks,98,71,Miami Heat,90,59,0
106,Cleveland Cavaliers,121,95,Washington Wizards,115,89,0
106,Toronto Raptors,91,70,Brooklyn Nets,74,56,0
106,Detroit Pistons,99,66,Boston Celtics,94,75,0
106,Dallas Mavericks,100,71,New Orleans Pelicans,91,68,0
106,Denver Nuggets,78,66,Minnesota Timberwolves,74,65,0
106,Utah Jazz,98,74,San Antonio Spurs,123,95,1
106,Charlotte Hornets,102,85,Phoenix Suns,111,86,1
106,Memphis Grizzlies,94,65,Oklahoma City Thunder,112,83,1
106,LA Clippers,109,85,Portland Trail Blazers,98,70,0
107,Atlanta Hawks,126,97,Philadelphia 76ers,98,76,0
107,Boston Celtics,92,63,Chicago Bulls,101,74,1
107,Utah Jazz,94,66,Houston Rockets,103,72,1
107,Los Angeles Lakers,115,86,Sacramento Kings,118,102,1
108,Toronto Raptors,97,73,Washington Wizards,88,61,0
108,Orlando Magic,83,60,Brooklyn Nets,77,62,0
108,Indiana Pacers,91,68,New Orleans Pelicans,86,70,0
108,Cleveland Cavaliers,125,95,Minnesota Timberwolves,99,76,0
108,Dallas Mavericks,95,75,Milwaukee Bucks,96,79,1
108,Denver Nuggets,84,66,Memphis Grizzlies,91,67,1
108,New York Knicks,99,74,San Antonio Spurs,100,79,1
108,Miami Heat,103,77,Phoenix Suns,95,73,0
108,Golden State Warriors,128,106,Portland Trail Blazers,108,87,0
108,Oklahoma City Thunder,117,90,Los Angeles Lakers,113,85,0
109,Charlotte Hornets,83,64,LA Clippers,97,70,1
109,Chicago Bulls,105,83,Atlanta Hawks,120,89,1
109,Washington Wizards,105,85,Orlando Magic,99,70,0
109,Brooklyn Nets,89,66,Detroit Pistons,103,72,1
109,Toronto Raptors,108,75,Philadelphia 76ers,95,69,0
109,Miami Heat,83,68,Utah Jazz,98,72,1
109,Golden State Warriors,128,96,Sacramento Kings,116,84,0
110,Dallas Mavericks,93,68,Minnesota Timberwolves,87,55,0
110,New Orleans Pelicans,111,76,LA Clippers,114,84,1
110,Cleveland Cavaliers,95,75,Philadelphia 76ers,85,69,0
110,Boston Celtics,98,76,Memphis Grizzlies,101,68,1
110,Indiana Pacers,103,77,Houston Rockets,107,64,1
110,Milwaukee Bucks,88,60,New York Knicks,100,82,1
110,Charlotte Hornets,92,77,Denver Nuggets,95,81,1
110,Oklahoma City Thunder,110,85,Portland Trail Blazers,115,80,1
110,Utah Jazz,86,61,Los Angeles Lakers,74,50,0
111,San Antonio Spurs,106,77,Brooklyn Nets,79,56,0
111,Washington Wizards,114,83,Chicago Bulls,100,74,0
111,Miami Heat,103,77,Golden State Warriors,111,80,1
112,Phoenix Suns,97,76,Indiana Pacers,116,80,1
112,Boston Celtics,114,81,New York Knicks,120,85,1
112,San Antonio Spurs,109,81,Detroit Pistons,99,66,0
112,Houston Rockets,107,72,Memphis Grizzlies,91,69,0
112,Chicago Bulls,101,77,Milwaukee Bucks,106,74,1
112,Oklahoma City Thunder,101,80,Minnesota Timberwolves,96,66,0
112,Cleveland Cavaliers,110,67,Dallas Mavericks,107,72,0
112,New Orleans Pelicans,91,71,Los Angeles Lakers,95,67,1
113,Atlanta Hawks,84,58,Charlotte Hornets,107,80,1
113,Milwaukee Bucks,101,74,Washington Wizards,106,71,1
113,New York Knicks,104,75,Brooklyn Nets,110,74,1
113,Indiana Pacers,94,76,Boston Celtics,103,78,1
113,Dallas Mavericks,89,64,Oklahoma City Thunder,108,83,1
113,Minnesota Timberwolves,104,77,Houston Rockets,107,81,1
113,Golden State Warriors,110,73,Denver Nuggets,112,83,1
113,New Orleans Pelicans,109,90,Sacramento Kings,97,65,0
113,Utah Jazz,85,62,Portland Trail Blazers,99,77,1
113,Miami Heat,90,69,LA Clippers,104,79,1
114,Chicago Bulls,115,77,Philadelphia 76ers,111,79,0
114,Detroit Pistons,101,71,Memphis Grizzlies,103,79,1
114,Cleveland Cavaliers,95,73,San Antonio Spurs,99,72,1
114,Sacramento Kings,103,82,Utah Jazz,101,71,0
114,Los Angeles Lakers,98,72,Golden State Warriors,116,86,1
115,Washington Wizards,118,88,Indiana Pacers,104,72,0
115,Minnesota Timberwolves,93,65,Oklahoma City Thunder,113,82,1
115,Phoenix Suns,103,78,Boston Celtics,117,96,1
115,Portland Trail Blazers,116,83,Brooklyn Nets,104,79,0
115,Dallas Mavericks,83,59,Chicago Bulls,77,61,0
115,Atlanta Hawks,101,76,Milwaukee Bucks,108,73,1
115,Charlotte Hornets,107,81,New Orleans Pelicans,109,84,1
115,Miami Heat,98,76,Denver Nuggets,95,78,0
115,Cleveland Cavaliers,91,68,Houston Rockets,77,51,0
116,Boston Celtics,119,83,Washington Wizards,117,86,0
116,Milwaukee Bucks,105,84,Charlotte Hornets,92,73,0
116,Brooklyn Nets,86,68,Atlanta Hawks,114,84,1
116,Portland Trail Blazers,89,62,Philadelphia 76ers,114,90,1
116,Golden State Warriors,95,74,Detroit Pistons,113,85,1
116,New York Knicks,95,73,Memphis Grizzlies,103,73,1
116,Los Angeles Lakers,82,59,Utah Jazz,109,89,1
116,Sacramento Kings,110,82,LA Clippers,103,79,0
117,Phoenix Suns,87,69,Minnesota Timberwolves,117,83,1
117,Dallas Mavericks,83,56,San Antonio Spurs,112,78,1
117,Miami Heat,74,58,Oklahoma City Thunder,99,75,1
117,Indiana Pacers,126,91,Denver Nuggets,129,84,1
117,Houston Rockets,112,94,Los Angeles Lakers,95,75,0
118,Philadelphia 76ers,113,63,New York Knicks,119,76,1
118,Utah Jazz,119,64,Charlotte Hornets,124,73,1
118,Portland Trail Blazers,108,94,Washington Wizards,98,76,0
118,New Orleans Pelicans,99,76,Memphis Grizzlies,101,72,1
118,Chicago Bulls,111,83,Detroit Pistons,101,79,0
118,Orlando Magic,81,59,Atlanta Hawks,98,72,1
118,Brooklyn Nets,100,84,Toronto Raptors,112,81,1
118,Golden State Warriors,132,104,Cleveland Cavaliers,98,67,0
118,Boston Celtics,113,72,Dallas Mavericks,118,70,1
118,Houston Rockets,132,80,LA Clippers,140,94,1
119,Milwaukee Bucks,91,75,Miami Heat,79,57,0
119,Minnesota Timberwolves,99,75,New Orleans Pelicans,114,82,1
119,Indiana Pacers,97,71,Phoenix Suns,94,61,0
119,Oklahoma City Thunder,110,84,Denver Nuggets,104,79,0
120,Philadelphia 76ers,96,81,Orlando Magic,87,71,0
120,Miami Heat,87,64,Washington Wizards,106,81,1
120,Boston Celtics,109,90,Toronto Raptors,115,96,1
120,Cleveland Cavaliers,91,73,Brooklyn Nets,78,55,0
120,Utah Jazz,111,76,New York Knicks,118,68,1
120,Detroit Pistons,123,85,Houston Rockets,114,79,0
120,Golden State Warriors,125,87,Chicago Bulls,94,63,0
120,Charlotte Hornets,95,70,Oklahoma City Thunder,109,88,1
120,Minnesota Timberwolves,94,67,Dallas Mavericks,106,64,1
120,Sacramento Kings,112,86,Los Angeles Lakers,93,77,0
120,Atlanta Hawks,104,74,Portland Trail Blazers,98,72,0
121,Detroit Pistons,99,77,New Orleans Pelicans,115,90,1
121,LA Clippers,102,72,Cleveland Cavaliers,115,88,1
121,Memphis Grizzlies,102,79,Denver Nuggets,101,77,0
121,Atlanta Hawks,88,63,Sacramento Kings,91,72,1
121,San Antonio Spurs,117,79,Phoenix Suns,89,69,0
122,Charlotte Hornets,120,79,Orlando Magic,116,94,0
122,Utah Jazz,108,85,Brooklyn Nets,86,57,0
122,Chicago Bulls,101,82,Boston Celtics,110,90,1
122,LA Clippers,116,86,New York Knicks,88,64,0
122,Milwaukee Bucks,98,66,Houston Rockets,102,79,1
122,Miami Heat,81,67,Toronto Raptors,101,80,1
122,Oklahoma City Thunder,109,85,Dallas Mavericks,106,74,0
122,Indiana Pacers,110,75,Golden State Warriors,122,88,1
122,San Antonio Spurs,108,87,Los Angeles Lakers,95,71,0
123,New York Knicks,84,56,Charlotte Hornets,97,77,1
123,Milwaukee Bucks,99,74,New Orleans Pelicans,116,84,1
123,Memphis Grizzlies,101,74,Minnesota Timberwolves,106,84,1
123,Chicago Bulls,96,72,Cleveland Cavaliers,83,58,0
123,Atlanta Hawks,95,64,Phoenix Suns,98,74,1
123,Detroit Pistons,101,74,Denver Nuggets,104,84,1
123,Indiana Pacers,97,70,Sacramento Kings,108,81,1
123,Los Angeles Lakers,103,76,Portland Trail Blazers,121,101,1
124,Boston Celtics,112,94,Philadelphia 76ers,92,69,0
124,Dallas Mavericks,104,85,Houston Rockets,115,84,1
124,0,106,77,Brooklyn Nets,116,85,1
124,0,94,71,Toronto Raptors,112,83,1
125,Minnesota Timberwolves,107,73,Cleveland Cavaliers,114,83,1
125,Boston Celtics,116,84,Washington Wizards,91,70,0
125,Orlando Magic,102,81,Memphis Grizzlies,108,80,1
125,Miami Heat,89,61,Chicago Bulls,84,68,0
125,Houston Rockets,112,93,New Orleans Pelicans,111,92,0
125,Detroit Pistons,95,69,Utah Jazz,92,59,0
125,Atlanta Hawks,119,90,Denver Nuggets,105,76,0
125,Charlotte Hornets,129,88,Sacramento Kings,128,84,0
125,San Antonio Spurs,90,66,Golden State Warriors,120,95,1
126,LA Clippers,91,74,Indiana Pacers,89,72,0
126,Phoenix Suns,103,71,Philadelphia 76ers,113,84,1
126,Washington Wizards,89,70,Toronto Raptors,106,77,1
126,Miami Heat,102,77,Brooklyn Nets,98,73,0
126,Oklahoma City Thunder,128,88,New York Knicks,122,91,0
126,Orlando Magic,100,78,Milwaukee Bucks,107,82,1
126,Sacramento Kings,97,74,Portland Trail Blazers,112,88,1
126,Dallas Mavericks,92,77,Los Angeles Lakers,90,78,0
127,Phoenix Suns,93,71,Cleveland Cavaliers,115,87,1
127,Denver Nuggets,103,71,Boston Celtics,111,86,1
127,Philadelphia 76ers,97,79,Detroit Pistons,110,74,1
127,Houston Rockets,99,73,San Antonio Spurs,130,102,1
127,LA Clippers,85,64,Atlanta Hawks,83,66,0
127,Oklahoma City Thunder,126,91,Minnesota Timberwolves,123,94,0
127,Charlotte Hornets,73,51,Utah Jazz,102,70,1
127,Dallas Mavericks,107,77,Golden State Warriors,127,95,1
128,Denver Nuggets,117,91,Washington Wizards,113,79,0
128,Atlanta Hawks,92,75,Indiana Pacers,111,82,1
128,Milwaukee Bucks,83,62,Memphis Grizzlies,103,76,1
128,New York Knicks,93,63,Toronto Raptors,103,73,1
128,Sacramento Kings,105,79,New Orleans Pelicans,114,92,1
128,Chicago Bulls,114,90,Los Angeles Lakers,91,71,0
129,Phoenix Suns,84,61,New York Knicks,102,85,1
129,Cleveland Cavaliers,114,96,Detroit Pistons,106,78,0
129,Orlando Magic,94,77,Boston Celtics,113,86,1
129,Miami Heat,107,81,Milwaukee Bucks,103,83,0
129,Houston Rockets,108,83,Oklahoma City Thunder,116,89,1
129,Brooklyn Nets,79,55,Dallas Mavericks,91,71,1
129,Minnesota Timberwolves,90,69,Utah Jazz,103,82,1
129,Charlotte Hornets,91,69,Portland Trail Blazers,109,83,1
129,Los Angeles Lakers,93,71,LA Clippers,105,78,1
130,Golden State Warriors,108,91,Philadelphia 76ers,105,72,0
130,Detroit Pistons,107,72,Toronto Raptors,111,81,1
130,Denver Nuggets,105,83,Indiana Pacers,109,80,1
130,Brooklyn Nets,103,66,New Orleans Pelicans,105,71,1
130,Washington Wizards,123,90,Houston Rockets,122,88,0
130,Sacramento Kings,117,77,Memphis Grizzlies,121,92,1
130,San Antonio Spurs,103,76,Cleveland Cavaliers,117,92,1
131,Chicago Bulls,93,73,LA Clippers,120,84,1
131,Boston Celtics,114,81,Orlando Magic,119,81,1
131,Atlanta Hawks,87,62,Miami Heat,105,75,1
131,Phoenix Suns,78,69,Dallas Mavericks,91,68,1
131,Golden State Warriors,116,82,New York Knicks,95,65,0
131,Minnesota Timberwolves,93,65,Portland Trail Blazers,96,63,1
131,Charlotte Hornets,101,83,Los Angeles Lakers,82,60,0
201,Cleveland Cavaliers,111,75,Indiana Pacers,106,79,0
201,Detroit Pistons,105,78,Brooklyn Nets,100,75,0
201,Dallas Mavericks,97,73,Atlanta Hawks,112,86,1
201,Memphis Grizzlies,110,77,New Orleans Pelicans,95,75,0
201,Washington Wizards,98,76,Oklahoma City Thunder,114,92,1
201,Orlando Magic,92,70,San Antonio Spurs,107,75,1
201,Chicago Bulls,96,68,Utah Jazz,105,67,1
201,Toronto Raptors,93,65,Denver Nuggets,112,80,1
201,Milwaukee Bucks,104,74,Sacramento Kings,111,74,1
202,Boston Celtics,97,70,New York Knicks,89,65,0
202,Miami Heat,102,80,Houston Rockets,115,87,1
202,Toronto Raptors,104,78,Phoenix Suns,97,71,0
202,Milwaukee Bucks,95,73,Portland Trail Blazers,107,79,1
202,Minnesota Timberwolves,115,81,Los Angeles Lakers,119,92,1
203,Cleveland Cavaliers,97,75,Charlotte Hornets,106,82,1
203,Atlanta Hawks,124,88,Philadelphia 76ers,86,62,0
203,Indiana Pacers,114,87,Brooklyn Nets,100,77,0
203,Detroit Pistons,95,60,Boston Celtics,102,78,1
203,Orlando Magic,114,94,Oklahoma City Thunder,117,96,1
203,Golden State Warriors,134,103,Washington Wizards,121,92,0
203,Miami Heat,93,74,Dallas Mavericks,90,65,0
203,New Orleans Pelicans,97,79,San Antonio Spurs,110,83,1
203,Denver Nuggets,81,63,Utah Jazz,85,61,1
203,Chicago Bulls,107,80,Sacramento Kings,102,75,0
203,Minnesota Timberwolves,108,76,LA Clippers,102,74,0
204,New York Knicks,105,71,Detroit Pistons,111,78,1
204,Los Angeles Lakers,99,79,New Orleans Pelicans,96,69,0
204,Toronto Raptors,110,82,Portland Trail Blazers,103,75,0
204,Houston Rockets,111,88,Phoenix Suns,105,80,0
205,Miami Heat,98,67,Charlotte Hornets,95,73,0
205,Indiana Pacers,96,72,Atlanta Hawks,102,73,1
205,Philadelphia 76ers,94,72,Washington Wizards,106,82,1
205,LA Clippers,107,77,Orlando Magic,93,73,0
205,Boston Celtics,104,65,Cleveland Cavaliers,103,73,0
205,Memphis Grizzlies,91,69,New York Knicks,85,62,0
205,Sacramento Kings,119,85,Brooklyn Nets,128,103,1
205,Milwaukee Bucks,81,60,Utah Jazz,84,61,1
205,Chicago Bulls,110,89,Denver Nuggets,115,73,1
205,San Antonio Spurs,116,88,Dallas Mavericks,90,60,0
206,Portland Trail Blazers,96,74,Houston Rockets,79,53,0
206,Washington Wizards,104,75,Charlotte Hornets,108,78,1
206,Detroit Pistons,104,81,Indiana Pacers,112,87,1
206,New Orleans Pelicans,84,70,Cleveland Cavaliers,99,74,1
206,Brooklyn Nets,98,64,Philadelphia 76ers,103,69,1
206,Dallas Mavericks,114,79,Memphis Grizzlies,110,80,0
206,Chicago Bulls,105,84,Minnesota Timberwolves,112,84,1
206,Los Angeles Lakers,102,81,San Antonio Spurs,106,79,1
206,Utah Jazz,98,71,Phoenix Suns,89,58,0
206,Oklahoma City Thunder,108,83,Golden State Warriors,116,91,1
207,Sacramento Kings,119,87,Boston Celtics,128,95,1
207,Denver Nuggets,101,77,New York Knicks,96,79,0
207,Atlanta Hawks,94,60,Orlando Magic,96,71,1
207,LA Clippers,100,73,Miami Heat,93,65,0
208,Chicago Bulls,91,65,Charlotte Hornets,108,87,1
208,Sacramento Kings,100,70,Cleveland Cavaliers,120,91,1
208,LA Clippers,98,65,Philadelphia 76ers,92,73,0
208,Los Angeles Lakers,87,59,Indiana Pacers,89,64,1
208,Denver Nuggets,104,78,Brooklyn Nets,105,81,1
208,Toronto Raptors,103,70,Detroit Pistons,89,65,0
208,New Orleans Pelicans,116,95,Minnesota Timberwolves,102,70,0
208,Orlando Magic,117,72,Atlanta Hawks,110,83,0
208,Portland Trail Blazers,112,78,Memphis Grizzlies,106,78,0
208,Oklahoma City Thunder,122,89,Phoenix Suns,106,85,0
209,San Antonio Spurs,119,85,Miami Heat,101,75,0
209,Washington Wizards,111,83,New York Knicks,108,83,0
209,Boston Celtics,111,74,Milwaukee Bucks,112,93,1
209,Utah Jazz,121,78,Dallas Mavericks,119,87,0
209,Houston Rockets,110,93,Golden State Warriors,123,93,1
210,San Antonio Spurs,98,67,Orlando Magic,96,79,0
210,Sacramento Kings,114,75,Philadelphia 76ers,110,87,0
210,Charlotte Hornets,117,89,Indiana Pacers,95,70,0
210,Denver Nuggets,103,75,Detroit Pistons,92,71,0
210,Memphis Grizzlies,109,89,Brooklyn Nets,90,63,0
210,LA Clippers,134,91,Boston Celtics,139,98,1
210,Los Angeles Lakers,111,74,Cleveland Cavaliers,120,93,1
210,Utah Jazz,96,77,New Orleans Pelicans,100,71,1
210,Atlanta Hawks,113,91,Chicago Bulls,90,73,0
210,Toronto Raptors,112,89,Minnesota Timberwolves,117,88,1
210,Golden State Warriors,112,91,Phoenix Suns,104,75,0
210,Houston Rockets,103,81,Portland Trail Blazers,116,92,1
211,New Orleans Pelicans,95,74,Oklahoma City Thunder,121,95,1
211,Washington Wizards,92,70,Milwaukee Bucks,99,69,1
218,Chicago Bulls,95,64,Cleveland Cavaliers,106,78,1
218,San Antonio Spurs,86,63,LA Clippers,105,72,1
218,Utah Jazz,89,68,Washington Wizards,103,76,1
219,Detroit Pistons,86,61,Washington Wizards,98,83,1
219,Dallas Mavericks,104,81,Orlando Magic,110,72,1
219,New York Knicks,98,76,Brooklyn Nets,109,84,1
219,Philadelphia 76ers,114,90,New Orleans Pelicans,121,92,1
219,Miami Heat,115,79,Atlanta Hawks,111,81,0
219,Indiana Pacers,101,67,Oklahoma City Thunder,98,76,0
219,Minnesota Timberwolves,104,81,Memphis Grizzlies,109,76,1
219,Toronto Raptors,106,81,Chicago Bulls,116,89,1
219,Charlotte Hornets,98,70,Milwaukee Bucks,95,78,0
219,Houston Rockets,116,81,Phoenix Suns,100,65,0
219,Denver Nuggets,110,77,Sacramento Kings,116,88,1
219,Golden State Warriors,105,79,Portland Trail Blazers,137,104,1
219,San Antonio Spurs,119,85,Los Angeles Lakers,113,75,0
219,Boston Celtics,93,72,Utah Jazz,111,83,1
220,Washington Wizards,94,68,Miami Heat,114,82,1
220,Milwaukee Bucks,117,75,Atlanta Hawks,109,68,0
220,New York Knicks,103,81,Minnesota Timberwolves,95,61,0
220,Golden State Warriors,115,93,LA Clippers,112,84,0
221,Cleveland Cavaliers,115,95,Oklahoma City Thunder,92,73,0
221,New Orleans Pelicans,111,80,Detroit Pistons,106,75,0
221,San Antonio Spurs,118,88,Phoenix Suns,111,82,0
221,Boston Celtics,121,91,Denver Nuggets,101,78,0
221,Indiana Pacers,105,80,Orlando Magic,102,79,0
221,Memphis Grizzlies,85,64,Toronto Raptors,98,74,1
221,Charlotte Hornets,104,86,Brooklyn Nets,96,73,0
221,Philadelphia 76ers,103,80,Dallas Mavericks,129,95,1
221,Los Angeles Lakers,115,81,Chicago Bulls,126,97,1
221,Utah Jazz,111,82,Portland Trail Blazers,115,80,1
222,Detroit Pistons,96,75,Cleveland Cavaliers,88,68,0
222,Indiana Pacers,93,69,Miami Heat,101,70,1
222,Toronto Raptors,122,86,New York Knicks,95,68,0
222,Boston Celtics,122,84,Minnesota Timberwolves,124,93,1
222,Los Angeles Lakers,101,65,Milwaukee Bucks,108,90,1
222,Golden State Warriors,102,76,Atlanta Hawks,92,75,0
222,Phoenix Suns,84,61,LA Clippers,124,90,1
223,Orlando Magic,124,97,Philadelphia 76ers,115,93,0
223,New Orleans Pelicans,89,65,Washington Wizards,109,85,1
223,Houston Rockets,114,83,Utah Jazz,117,79,1
223,Sacramento Kings,114,91,Denver Nuggets,110,77,0
223,Brooklyn Nets,104,82,Portland Trail Blazers,112,85,1
224,New York Knicks,105,80,Indiana Pacers,108,80,1
224,Charlotte Hornets,103,76,Cleveland Cavaliers,114,88,1
224,Philadelphia 76ers,91,61,Detroit Pistons,111,85,1
224,Minnesota Timberwolves,105,86,Toronto Raptors,114,87,1
224,Golden State Warriors,118,80,Miami Heat,112,83,0
224,Los Angeles Lakers,119,84,Memphis Grizzlies,128,97,1
224,Washington Wizards,104,79,Chicago Bulls,109,89,1
224,Oklahoma City Thunder,116,87,Dallas Mavericks,103,81,0
224,Denver Nuggets,87,71,LA Clippers,81,62,0
224,San Antonio Spurs,108,76,Sacramento Kings,92,70,0
225,Golden State Warriors,130,99,Orlando Magic,114,91,0
225,Milwaukee Bucks,107,73,Boston Celtics,112,88,1
225,Oklahoma City Thunder,119,87,New Orleans Pelicans,123,89,1
225,Brooklyn Nets,116,90,Phoenix Suns,106,71,0
225,Houston Rockets,119,86,Portland Trail Blazers,105,93,0
225,San Antonio Spurs,96,65,Utah Jazz,78,57,0
226,Washington Wizards,103,76,Philadelphia 76ers,94,72,0
226,Charlotte Hornets,96,77,Indiana Pacers,95,70,0
226,Orlando Magic,95,69,New York Knicks,108,82,1
226,Cleveland Cavaliers,97,77,Toronto Raptors,99,68,1
226,Chicago Bulls,88,67,Atlanta Hawks,103,79,1
226,Denver Nuggets,116,80,Dallas Mavericks,122,76,1
226,LA Clippers,117,98,Sacramento Kings,107,83,0
226,Memphis Grizzlies,112,90,Los Angeles Lakers,95,71,0
227,Miami Heat,89,70,Boston Celtics,101,72,1
227,Minnesota Timberwolves,112,76,New Orleans Pelicans,110,86,0
227,San Antonio Spurs,104,76,Houston Rockets,94,57,0
227,Portland Trail Blazers,103,79,Chicago Bulls,95,73,0
227,Detroit Pistons,102,80,Milwaukee Bucks,91,73,0
227,Golden State Warriors,121,78,Oklahoma City Thunder,118,83,0
227,Brooklyn Nets,98,70,Utah Jazz,96,61,0
227,Memphis Grizzlies,106,76,Phoenix Suns,111,86,1
228,Cleveland Cavaliers,99,70,Washington Wizards,113,96,1
228,Charlotte Hornets,76,57,Atlanta Hawks,87,68,1
228,Toronto Raptors,101,72,Detroit Pistons,114,89,1
228,Portland Trail Blazers,111,87,Indiana Pacers,102,77,0
228,Philadelphia 76ers,116,87,Orlando Magic,130,102,1
228,Minnesota Timberwolves,101,74,Dallas Mavericks,128,99,1
228,Miami Heat,98,69,New York Knicks,81,65,0
229,Indiana Pacers,96,73,Cleveland Cavaliers,100,74,1
229,Philadelphia 76ers,108,82,Washington Wizards,116,79,1
229,Utah Jazz,95,73,Boston Celtics,100,72,1
229,Houston Rockets,121,92,Milwaukee Bucks,128,92,1
229,Memphis Grizzlies,103,71,Denver Nuggets,96,71,0
229,Oklahoma City Thunder,131,94,Sacramento Kings,116,84,0
229,Brooklyn Nets,95,79,LA Clippers,105,81,1
301,Phoenix Suns,92,61,Charlotte Hornets,126,98,1
301,Portland Trail Blazers,104,85,New York Knicks,85,72,0
301,Chicago Bulls,111,82,Miami Heat,129,95,1
301,Orlando Magic,108,81,Dallas Mavericks,121,96,1
301,Brooklyn Nets,101,74,Los Angeles Lakers,107,79,1
301,Atlanta Hawks,105,70,Golden State Warriors,109,75,1
302,Chicago Bulls,89,67,Orlando Magic,102,84,1
302,Charlotte Hornets,119,83,Philadelphia 76ers,99,74,0
302,Portland Trail Blazers,93,67,Boston Celtics,116,91,1
302,Utah Jazz,94,74,Toronto Raptors,104,85,1
302,Sacramento Kings,98,78,Memphis Grizzlies,104,83,1
302,New Orleans Pelicans,95,76,Houston Rockets,100,76,1
302,Washington Wizards,104,85,Minnesota Timberwolves,98,77,0
302,Indiana Pacers,104,73,Milwaukee Bucks,99,63,0
302,Detroit Pistons,81,65,San Antonio Spurs,97,79,1
302,Los Angeles Lakers,107,82,Denver Nuggets,117,83,1
302,Oklahoma City Thunder,98,85,LA Clippers,103,68,1
303,Phoenix Suns,92,68,Miami Heat,108,84,1
303,San Antonio Spurs,94,68,New Orleans Pelicans,86,68,0
303,Sacramento Kings,104,73,Dallas Mavericks,101,69,0
303,Oklahoma City Thunder,106,83,Golden State Warriors,121,82,1
304,Miami Heat,112,84,Philadelphia 76ers,102,77,0
304,Indiana Pacers,101,82,Charlotte Hornets,108,80,1
304,Phoenix Suns,102,84,Orlando Magic,84,66,0
304,Portland Trail Blazers,115,77,Toronto Raptors,117,90,1
304,New York Knicks,104,87,Boston Celtics,105,81,1
304,Washington Wizards,83,63,Cleveland Cavaliers,108,83,1
304,Utah Jazz,88,72,Memphis Grizzlies,94,67,1
304,Minnesota Timberwolves,101,81,Milwaukee Bucks,116,98,1
304,Brooklyn Nets,121,90,Denver Nuggets,120,90,0
304,Atlanta Hawks,106,74,Los Angeles Lakers,77,59,0
305,Utah Jazz,106,84,New Orleans Pelicans,94,70,0
305,Boston Celtics,103,83,Cleveland Cavaliers,120,91,1
305,Indiana Pacers,100,78,Washington Wizards,99,80,0
305,Detroit Pistons,89,70,New York Knicks,102,79,1
305,Brooklyn Nets,118,79,Minnesota Timberwolves,132,97,1
305,Sacramento Kings,94,67,San Antonio Spurs,104,86,1
305,Houston Rockets,100,75,Chicago Bulls,108,83,1
305,Atlanta Hawks,107,80,LA Clippers,97,79,0
306,Golden State Warriors,95,73,Los Angeles Lakers,112,84,1
306,Oklahoma City Thunder,104,84,Milwaukee Bucks,96,79,0
306,Phoenix Suns,109,85,Memphis Grizzlies,100,74,0
306,Dallas Mavericks,114,79,Denver Nuggets,116,77,1
306,Portland Trail Blazers,103,75,Detroit Pistons,123,85,1
306,Philadelphia 76ers,98,69,Miami Heat,103,69,1
306,Houston Rockets,113,77,Toronto Raptors,107,85,0
307,Minnesota Timberwolves,103,75,Charlotte Hornets,108,82,1
307,Memphis Grizzlies,106,82,Cleveland Cavaliers,103,74,0
307,San Antonio Spurs,91,62,Indiana Pacers,99,73,1
307,Sacramento Kings,112,89,New Orleans Pelicans,115,83,1
307,Milwaukee Bucks,90,69,Chicago Bulls,100,73,1
307,LA Clippers,109,83,Dallas Mavericks,90,68,0
307,Orlando Magic,113,77,Golden State Warriors,119,94,1
308,Brooklyn Nets,99,80,Toronto Raptors,104,78,1
308,San Antonio Spurs,116,93,Minnesota Timberwolves,91,68,0
308,Atlanta Hawks,91,66,Utah Jazz,84,57,0
308,New York Knicks,94,68,Denver Nuggets,110,82,1
308,Washington Wizards,109,81,Portland Trail Blazers,116,85,1
308,Orlando Magic,98,77,Los Angeles Lakers,107,84,1
309,Miami Heat,108,85,Milwaukee Bucks,114,80,1
309,New Orleans Pelicans,113,90,Charlotte Hornets,122,99,1
309,Houston Rockets,118,93,Philadelphia 76ers,104,79,0
309,Memphis Grizzlies,96,67,Boston Celtics,116,83,1
309,Detroit Pistons,102,76,Dallas Mavericks,96,74,0
309,LA Clippers,108,83,Oklahoma City Thunder,120,93,1
309,Cleveland Cavaliers,120,89,Sacramento Kings,111,84,0
309,New York Knicks,128,88,Phoenix Suns,97,75,0
309,Utah Jazz,94,63,Golden State Warriors,115,81,1
310,Atlanta Hawks,96,75,Toronto Raptors,104,82,1
310,Chicago Bulls,101,74,San Antonio Spurs,109,84,1
310,Phoenix Suns,98,74,Denver Nuggets,116,82,1
310,Cleveland Cavaliers,120,95,Los Angeles Lakers,108,82,0
311,Brooklyn Nets,89,67,Philadelphia 76ers,95,72,1
311,Detroit Pistons,103,81,Charlotte Hornets,118,88,1
311,Houston Rockets,102,77,Boston Celtics,98,73,0
311,New Orleans Pelicans,114,66,Memphis Grizzlies,121,73,1
311,Minnesota Timberwolves,99,69,Oklahoma City Thunder,96,73,0
311,Miami Heat,118,84,Chicago Bulls,96,81,0
311,Washington Wizards,93,68,Utah Jazz,114,88,1
311,Orlando Magic,107,80,Sacramento Kings,100,75,0
311,New York Knicks,94,74,LA Clippers,101,76,1
311,Portland Trail Blazers,112,86,Golden State Warriors,128,110,1
312,Indiana Pacers,112,83,Dallas Mavericks,105,75,0
312,Detroit Pistons,125,90,Philadelphia 76ers,111,87,0
312,Houston Rockets,109,87,Charlotte Hornets,125,90,1
312,Miami Heat,104,71,Toronto Raptors,112,70,1
312,New Orleans Pelicans,92,71,Milwaukee Bucks,103,77,1
312,Memphis Grizzlies,83,58,Atlanta Hawks,95,71,1
312,Oklahoma City Thunder,85,68,San Antonio Spurs,93,66,1
312,Washington Wizards,100,83,Denver Nuggets,116,75,1
312,Orlando Magic,84,65,Portland Trail Blazers,121,90,1
312,Phoenix Suns,116,95,Golden State Warriors,123,86,1
313,Cleveland Cavaliers,114,91,LA Clippers,90,68,0
313,Indiana Pacers,75,56,Atlanta Hawks,104,89,1
313,Utah Jazz,108,84,Sacramento Kings,99,69,0
313,Milwaukee Bucks,109,78,Brooklyn Nets,100,79,0
313,New York Knicks,90,65,Los Angeles Lakers,87,60,0
314,Detroit Pistons,81,63,Washington Wizards,124,93,1
314,Dallas Mavericks,107,71,Charlotte Hornets,96,65,0
314,Denver Nuggets,119,91,Miami Heat,124,90,1
314,Chicago Bulls,109,84,Toronto Raptors,107,77,0
314,Memphis Grizzlies,81,56,Houston Rockets,130,97,1
314,Portland Trail Blazers,94,72,Oklahoma City Thunder,128,102,1
314,Cleveland Cavaliers,85,66,Utah Jazz,94,66,1
314,Minnesota Timberwolves,104,78,Phoenix Suns,107,76,1
314,New Orleans Pelicans,107,69,Golden State Warriors,125,94,1
315,Boston Celtics,98,70,Indiana Pacers,103,71,1
315,Denver Nuggets,110,79,Orlando Magic,116,85,1
315,Philadelphia 76ers,114,83,Brooklyn Nets,131,100,1
315,Toronto Raptors,107,81,Milwaukee Bucks,89,66,0
315,LA Clippers,87,70,San Antonio Spurs,108,71,1
315,Sacramento Kings,106,79,Los Angeles Lakers,98,67,0
316,Orlando Magic,99,71,Charlotte Hornets,107,92,1
316,Dallas Mavericks,98,68,Cleveland Cavaliers,99,84,1
316,Chicago Bulls,96,74,Washington Wizards,117,92,1
316,Oklahoma City Thunder,130,108,Boston Celtics,109,81,0
316,Atlanta Hawks,118,87,Detroit Pistons,114,88,0
316,Minnesota Timberwolves,114,90,Memphis Grizzlies,108,78,0
316,LA Clippers,122,97,Houston Rockets,106,75,0
316,New Orleans Pelicans,123,98,Sacramento Kings,108,83,0
316,New York Knicks,85,64,Golden State Warriors,121,97,1
317,Washington Wizards,99,73,Philadelphia 76ers,94,61,0
317,Toronto Raptors,101,63,Indiana Pacers,94,60,0
317,Charlotte Hornets,109,82,Miami Heat,106,73,0
317,Denver Nuggets,98,76,Atlanta Hawks,116,87,1
317,Memphis Grizzlies,86,73,Milwaukee Bucks,96,68,1
317,Brooklyn Nets,102,74,Chicago Bulls,118,79,1
317,Portland Trail Blazers,110,78,San Antonio Spurs,118,95,1
317,Phoenix Suns,69,54,Utah Jazz,103,71,1
318,Oklahoma City Thunder,111,85,Philadelphia 76ers,97,68,0
318,Cleveland Cavaliers,109,83,Orlando Magic,103,86,0
318,Sacramento Kings,108,83,Detroit Pistons,115,87,1
318,Boston Celtics,91,74,Toronto Raptors,105,79,1
318,Portland Trail Blazers,117,93,New Orleans Pelicans,112,81,0
318,Minnesota Timberwolves,111,78,Houston Rockets,116,88,1
318,Golden State Warriors,130,94,Dallas Mavericks,112,85,0
318,Phoenix Suns,95,68,Los Angeles Lakers,90,54,0
319,Denver Nuggets,101,78,Charlotte Hornets,93,62,0
319,Oklahoma City Thunder,115,88,Indiana Pacers,111,87,0
319,Brooklyn Nets,103,77,Detroit Pistons,115,77,1
319,New York Knicks,89,66,Washington Wizards,99,76,1
319,Cleveland Cavaliers,101,70,Miami Heat,122,98,1
319,Houston Rockets,97,83,Atlanta Hawks,109,82,1
319,Utah Jazz,85,67,Chicago Bulls,92,79,1
319,LA Clippers,102,75,Memphis Grizzlies,113,85,1
319,Golden State Warriors,79,65,San Antonio Spurs,87,65,1
320,Portland Trail Blazers,120,82,Dallas Mavericks,132,90,1
320,Orlando Magic,100,82,Toronto Raptors,105,80,1
320,Boston Celtics,120,88,Philadelphia 76ers,105,79,0
320,LA Clippers,105,72,New Orleans Pelicans,109,78,1
320,Utah Jazz,94,73,Milwaukee Bucks,85,59,0
320,Sacramento Kings,88,69,New York Knicks,80,65,0
321,Philadelphia 76ers,75,56,Indiana Pacers,91,66,1
321,Denver Nuggets,91,72,Cleveland Cavaliers,124,87,1
321,San Antonio Spurs,88,72,Charlotte Hornets,91,67,1
321,Milwaukee Bucks,91,74,Detroit Pistons,92,65,1
321,Orlando Magic,96,78,Boston Celtics,107,91,1
321,Washington Wizards,117,89,Atlanta Hawks,102,86,0
321,Sacramento Kings,102,81,Chicago Bulls,109,82,1
321,Golden State Warriors,109,89,Minnesota Timberwolves,104,89,0
321,Memphis Grizzlies,103,70,Phoenix Suns,97,73,0
322,Charlotte Hornets,105,67,Brooklyn Nets,100,64,0
322,Houston Rockets,107,77,Oklahoma City Thunder,111,78,1
322,Miami Heat,113,86,New Orleans Pelicans,99,73,0
322,Memphis Grizzlies,100,78,Los Angeles Lakers,107,81,1
323,Atlanta Hawks,122,81,Washington Wizards,101,75,0
323,Toronto Raptors,79,62,Boston Celtics,91,69,1
323,Orlando Magic,102,87,Detroit Pistons,118,96,1
323,New York Knicks,115,92,Chicago Bulls,107,73,0
323,Milwaukee Bucks,104,87,Cleveland Cavaliers,113,91,1
323,Sacramento Kings,104,72,Minnesota Timberwolves,113,84,1
323,Utah Jazz,89,60,Houston Rockets,87,66,0
323,Miami Heat,88,63,San Antonio Spurs,112,88,1
323,Philadelphia 76ers,103,73,Denver Nuggets,104,75,1
323,Los Angeles Lakers,107,74,Phoenix Suns,119,83,1
323,LA Clippers,98,72,Golden State Warriors,114,81,1
323,Dallas Mavericks,103,73,Portland Trail Blazers,109,83,1
324,New Orleans Pelicans,84,61,Indiana Pacers,92,70,1
324,Cleveland Cavaliers,95,83,Brooklyn Nets,104,80,1
324,Chicago Bulls,94,65,New York Knicks,106,80,1
324,Utah Jazz,91,60,Oklahoma City Thunder,113,81,1
324,Portland Trail Blazers,94,65,LA Clippers,96,65,1
325,Minnesota Timberwolves,132,85,Washington Wizards,129,89,0
325,Charlotte Hornets,105,76,Detroit Pistons,112,98,1
325,Milwaukee Bucks,90,71,Atlanta Hawks,101,75,1
325,Toronto Raptors,109,78,Houston Rockets,112,79,1
325,Orlando Magic,97,69,Miami Heat,108,85,1
325,Memphis Grizzlies,104,84,San Antonio Spurs,110,88,1
325,Phoenix Suns,94,67,Sacramento Kings,116,89,1
325,Denver Nuggets,116,83,Los Angeles Lakers,105,77,0
325,Dallas Mavericks,120,89,Golden State Warriors,128,102,1
326,Indiana Pacers,110,93,Brooklyn Nets,120,85,1
326,Toronto Raptors,115,85,New Orleans Pelicans,91,61,0
326,Chicago Bulls,89,71,Orlando Magic,111,89,1
326,Atlanta Hawks,112,83,Detroit Pistons,95,74,0
326,Cleveland Cavaliers,107,89,New York Knicks,93,72,0
326,Utah Jazz,93,60,Minnesota Timberwolves,84,59,0
326,San Antonio Spurs,92,63,Oklahoma City Thunder,111,83,1
326,Charlotte Hornets,115,90,Milwaukee Bucks,91,64,0
326,Boston Celtics,102,81,Phoenix Suns,99,75,0
326,Philadelphia 76ers,105,74,Portland Trail Blazers,108,86,1
327,Denver Nuggets,90,60,LA Clippers,105,77,1
327,Dallas Mavericks,111,79,Sacramento Kings,133,102,1
327,Houston Rockets,101,79,Indiana Pacers,104,81,1
327,Philadelphia 76ers,105,79,Golden State Warriors,117,96,1
327,Washington Wizards,101,77,Los Angeles Lakers,88,59,0
328,Brooklyn Nets,99,75,Miami Heat,110,82,1
328,Oklahoma City Thunder,119,97,Toronto Raptors,100,74,0
328,Phoenix Suns,116,84,Minnesota Timberwolves,121,99,1
328,Atlanta Hawks,102,80,Chicago Bulls,100,71,0
328,San Antonio Spurs,101,81,Memphis Grizzlies,87,68,0
328,New York Knicks,91,64,New Orleans Pelicans,99,68,1
328,Dallas Mavericks,97,72,Denver Nuggets,88,66,0
328,Los Angeles Lakers,75,58,Utah Jazz,123,98,1
328,Sacramento Kings,93,63,Portland Trail Blazers,105,91,1
328,Boston Celtics,90,70,LA Clippers,114,92,1
329,Brooklyn Nets,105,73,Orlando Magic,139,103,1
329,Chicago Bulls,98,84,Indiana Pacers,96,84,0
329,Charlotte Hornets,100,77,Philadelphia 76ers,85,62,0
329,Oklahoma City Thunder,82,57,Detroit Pistons,88,71,1
329,Houston Rockets,106,71,Cleveland Cavaliers,100,84,0
329,Washington Wizards,94,72,Golden State Warriors,102,79,1
330,Atlanta Hawks,97,67,Toronto Raptors,105,89,1
330,Denver Nuggets,109,84,Memphis Grizzlies,105,68,0
330,LA Clippers,99,79,Minnesota Timberwolves,79,53,0
330,Phoenix Suns,94,75,Milwaukee Bucks,105,80,1
330,New Orleans Pelicans,92,55,San Antonio Spurs,100,73,1
330,New York Knicks,89,74,Dallas Mavericks,91,67,1
330,Golden State Warriors,103,63,Utah Jazz,96,69,0
330,Washington Wizards,111,83,Sacramento Kings,120,89,1
330,Miami Heat,100,67,Los Angeles Lakers,102,67,1
331,Orlando Magic,114,89,Indiana Pacers,94,79,0
331,Brooklyn Nets,87,63,Cleveland Cavaliers,107,89,1
331,Chicago Bulls,103,71,Houston Rockets,100,80,0
331,Denver Nuggets,95,78,New Orleans Pelicans,101,77,1
331,LA Clippers,117,97,Oklahoma City Thunder,119,93,1
331,Boston Celtics,109,83,Portland Trail Blazers,116,81,1
401,Philadelphia 76ers,91,66,Charlotte Hornets,100,81,1
401,Brooklyn Nets,91,70,New York Knicks,105,77,1
401,Dallas Mavericks,98,71,Detroit Pistons,89,61,0
401,Cleveland Cavaliers,110,77,Atlanta Hawks,108,71,0
401,Toronto Raptors,99,74,Memphis Grizzlies,95,72,0
401,Orlando Magic,110,85,Milwaukee Bucks,113,84,1
401,Minnesota Timberwolves,85,68,Utah Jazz,98,77,1
401,Miami Heat,112,92,Sacramento Kings,106,76,0
401,Boston Celtics,109,82,Golden State Warriors,106,79,0
401,Washington Wizards,106,77,Phoenix Suns,99,79,0
402,Indiana Pacers,115,74,Philadelphia 76ers,102,77,0
402,Detroit Pistons,94,70,Chicago Bulls,90,65,0
402,Toronto Raptors,95,66,San Antonio Spurs,102,71,1
402,Sacramento Kings,115,84,Denver Nuggets,106,88,0
402,Miami Heat,93,67,Portland Trail Blazers,110,87,1
403,New Orleans Pelicans,106,75,Brooklyn Nets,87,66,0
403,Dallas Mavericks,88,68,Minnesota Timberwolves,78,63,0
403,Charlotte Hornets,103,71,Cleveland Cavaliers,112,86,1
403,Oklahoma City Thunder,110,82,Houston Rockets,118,80,1
403,Washington Wizards,109,73,LA Clippers,114,84,1
403,Utah Jazz,101,74,Phoenix Suns,86,64,0
403,Memphis Grizzlies,107,85,Orlando Magic,119,97,1
403,Chicago Bulls,102,79,Milwaukee Bucks,98,73,0
403,Indiana Pacers,92,74,New York Knicks,87,65,0
403,Portland Trail Blazers,111,89,Golden State Warriors,136,101,1
403,Boston Celtics,107,77,Los Angeles Lakers,100,75,0
405,New Orleans Pelicans,93,73,Philadelphia 76ers,107,88,1
405,Detroit Pistons,89,63,Miami Heat,107,82,1
405,Charlotte Hornets,90,59,Toronto Raptors,96,75,1
405,Phoenix Suns,90,73,Atlanta Hawks,103,70,1
405,Chicago Bulls,92,65,Memphis Grizzlies,108,83,1
405,Cleveland Cavaliers,109,93,Milwaukee Bucks,80,67,0
405,San Antonio Spurs,88,67,Utah Jazz,86,53,0
405,Oklahoma City Thunder,124,107,Denver Nuggets,102,77,0
405,Portland Trail Blazers,115,84,Sacramento Kings,107,80,0
405,Minnesota Timberwolves,124,78,Golden State Warriors,117,86,0
405,Los Angeles Lakers,81,60,LA Clippers,103,84,1
406,Brooklyn Nets,103,75,Washington Wizards,121,88,1
406,Cleveland Cavaliers,109,82,Indiana Pacers,123,96,1
406,Detroit Pistons,108,73,Orlando Magic,104,77,0
406,New Orleans Pelicans,97,73,Boston Celtics,104,76,1
406,Charlotte Hornets,111,81,New York Knicks,97,72,0
406,Houston Rockets,86,71,Dallas Mavericks,88,70,1
406,Oklahoma City Thunder,115,83,Portland Trail Blazers,120,99,1
406,LA Clippers,91,73,Los Angeles Lakers,81,61,0
407,Phoenix Suns,124,89,Houston Rockets,115,90,0
407,Toronto Raptors,87,63,Atlanta Hawks,95,70,1
407,Chicago Bulls,98,69,Miami Heat,106,75,1
407,Minnesota Timberwolves,105,83,Sacramento Kings,97,76,0
407,San Antonio Spurs,101,69,Golden State Warriors,112,87,1
408,Brooklyn Nets,99,64,Charlotte Hornets,113,84,1
408,New York Knicks,109,82,Philadelphia 76ers,102,74,0
408,Miami Heat,109,80,Orlando Magic,112,79,1
408,Washington Wizards,99,84,Detroit Pistons,112,86,1
408,Indiana Pacers,98,66,Toronto Raptors,111,82,1
408,Milwaukee Bucks,109,80,Boston Celtics,124,101,1
408,Los Angeles Lakers,102,67,New Orleans Pelicans,110,87,1
408,Memphis Grizzlies,93,68,Dallas Mavericks,103,74,1
408,San Antonio Spurs,98,72,Denver Nuggets,102,77,1
408,LA Clippers,102,76,Utah Jazz,99,72,0
409,Phoenix Suns,121,85,New Orleans Pelicans,100,67,0
409,Boston Celtics,107,91,Atlanta Hawks,118,93,1
409,Golden State Warriors,100,70,Memphis Grizzlies,99,78,0
409,Cleveland Cavaliers,102,82,Chicago Bulls,105,79,1
409,Minnesota Timberwolves,106,75,Portland Trail Blazers,105,72,0
409,Oklahoma City Thunder,112,84,Sacramento Kings,114,83,1
410,Charlotte Hornets,98,74,Washington Wizards,113,86,1
410,Los Angeles Lakers,110,80,Houston Rockets,130,88,1
410,Dallas Mavericks,91,59,LA Clippers,98,76,1
410,Utah Jazz,100,82,Denver Nuggets,84,62,0
410,Milwaukee Bucks,109,76,Philadelphia 76ers,108,70,0
410,Brooklyn Nets,105,72,Indiana Pacers,129,104,1
410,Orlando Magic,96,69,Miami Heat,118,89,1
410,Golden State Warriors,92,62,San Antonio Spurs,86,61,0
410,Toronto Raptors,93,75,New York Knicks,89,69,0
411,Milwaukee Bucks,98,73,Orlando Magic,107,85,1
411,Atlanta Hawks,94,75,Cleveland Cavaliers,109,90,1
411,Charlotte Hornets,114,94,Boston Celtics,100,72,0
411,Washington Wizards,120,100,Brooklyn Nets,111,98,0
411,Los Angeles Lakers,79,61,Oklahoma City Thunder,112,89,1
411,Chicago Bulls,121,89,New Orleans Pelicans,116,88,0
411,Houston Rockets,129,103,Minnesota Timberwolves,105,74,0
411,Dallas Mavericks,101,71,Utah Jazz,92,64,0
411,Sacramento Kings,105,87,Phoenix Suns,101,72,0
412,New York Knicks,90,70,Indiana Pacers,102,79,1
412,Miami Heat,99,71,Detroit Pistons,93,69,0
412,Philadelphia 76ers,98,74,Toronto Raptors,122,87,1
412,Oklahoma City Thunder,98,72,San Antonio Spurs,102,74,1
412,Memphis Grizzlies,84,64,LA Clippers,110,84,1
413,Sacramento Kings,81,64,Houston Rockets,116,92,1
413,San Antonio Spurs,96,65,Dallas Mavericks,91,67,0
413,New Orleans Pelicans,109,79,Minnesota Timberwolves,144,106,1
413,Toronto Raptors,103,78,Brooklyn Nets,96,66,0
413,Atlanta Hawks,98,76,Washington Wizards,109,84,1
413,Indiana Pacers,97,78,Milwaukee Bucks,92,70,0
413,Detroit Pistons,112,82,Cleveland Cavaliers,110,72,0
413,Philadelphia 76ers,105,73,Chicago Bulls,115,86,1
413,Miami Heat,88,67,Boston Celtics,98,63,1
413,Orlando Magic,103,79,Charlotte Hornets,117,86,1
413,Utah Jazz,96,75,Los Angeles Lakers,101,66,1
413,Memphis Grizzlies,104,81,Golden State Warriors,125,102,1
413,Denver Nuggets,99,79,Portland Trail Blazers,107,87,1
413,LA Clippers,105,75,Phoenix Suns,114,85,1
416,Indiana Pacers,100,70,Toronto Raptors,90,67,0
416,Houston Rockets,78,60,Golden State Warriors,104,82,1
416,Boston Celtics,101,65,Atlanta Hawks,102,72,1
416,Dallas Mavericks,70,51,Oklahoma City Thunder,108,93,1
417,Detroit Pistons,101,78,Cleveland Cavaliers,106,76,1
417,Charlotte Hornets,91,74,Miami Heat,123,97,1
417,Memphis Grizzlies,74,51,San Antonio Spurs,106,81,1
417,Portland Trail Blazers,95,66,LA Clippers,115,81,1
418,Indiana Pacers,87,66,Toronto Raptors,98,74,1
418,Dallas Mavericks,85,59,Oklahoma City Thunder,84,62,0
418,Houston Rockets,106,79,Golden State Warriors,115,86,1
419,Boston Celtics,72,46,Atlanta Hawks,89,61,1
419,Memphis Grizzlies,68,53,San Antonio Spurs,94,70,1
420,Charlotte Hornets,103,78,Miami Heat,115,91,1
420,Detroit Pistons,90,68,Cleveland Cavaliers,107,82,1
420,Portland Trail Blazers,81,61,LA Clippers,102,67,1
421,Oklahoma City Thunder,131,97,Dallas Mavericks,102,78,0
421,Toronto Raptors,101,71,Indiana Pacers,85,59,0
421,Golden State Warriors,96,72,Houston Rockets,97,78,1
422,Cleveland Cavaliers,101,79,Detroit Pistons,91,73,0
422,Atlanta Hawks,103,78,Boston Celtics,111,79,1
422,San Antonio Spurs,96,70,Memphis Grizzlies,87,71,0
423,Toronto Raptors,83,58,Indiana Pacers,100,73,1
423,Miami Heat,80,58,Charlotte Hornets,96,75,1
423,Oklahoma City Thunder,119,89,Dallas Mavericks,108,79,0
423,LA Clippers,88,67,Portland Trail Blazers,96,70,1
424,San Antonio Spurs,116,84,Memphis Grizzlies,95,66,0
424,Golden State Warriors,121,97,Houston Rockets,94,76,0
424,Atlanta Hawks,95,73,Boston Celtics,104,70,1
424,Cleveland Cavaliers,100,81,Detroit Pistons,98,78,0
425,Miami Heat,85,61,Charlotte Hornets,89,69,1
425,Dallas Mavericks,104,83,Oklahoma City Thunder,118,93,1
425,LA Clippers,84,64,Portland Trail Blazers,98,66,1
426,Boston Celtics,83,62,Atlanta Hawks,110,89,1
426,Indiana Pacers,99,90,Toronto Raptors,102,77,1
427,Charlotte Hornets,90,65,Miami Heat,88,71,0
427,Portland Trail Blazers,108,71,LA Clippers,98,71,0
427,Houston Rockets,81,59,Golden State Warriors,114,89,1
428,Atlanta Hawks,104,80,Boston Celtics,92,59,0
429,Miami Heat,97,75,Charlotte Hornets,90,70,0
429,Toronto Raptors,83,64,Indiana Pacers,101,71,1
429,LA Clippers,103,82,Portland Trail Blazers,106,80,1
430,Oklahoma City Thunder,92,66,San Antonio Spurs,124,105,1
501,Portland Trail Blazers,106,73,Golden State Warriors,118,93,1
501,Indiana Pacers,84,64,Toronto Raptors,89,78,1
501,Charlotte Hornets,73,53,Miami Heat,106,83,1
502,Atlanta Hawks,93,70,Cleveland Cavaliers,104,74,1
502,Oklahoma City Thunder,98,77,San Antonio Spurs,97,76,0
503,Miami Heat,102,68,Toronto Raptors,96,63,0
503,Portland Trail Blazers,99,87,Golden State Warriors,110,76,1
504,Atlanta Hawks,98,70,Cleveland Cavaliers,123,106,1
505,Miami Heat,92,65,Toronto Raptors,96,63,1
506,Cleveland Cavaliers,121,85,Atlanta Hawks,108,91,0
506,San Antonio Spurs,100,72,Oklahoma City Thunder,96,69,0
507,Toronto Raptors,95,68,Miami Heat,91,68,0
507,Golden State Warriors,108,80,Portland Trail Blazers,120,93,1
508,Cleveland Cavaliers,100,81,Atlanta Hawks,99,77,0
508,San Antonio Spurs,97,81,Oklahoma City Thunder,111,77,1
509,Toronto Raptors,87,62,Miami Heat,94,60,1
509,Golden State Warriors,132,86,Portland Trail Blazers,125,85,0
510,Oklahoma City Thunder,95,69,San Antonio Spurs,91,72,0
511,Miami Heat,91,62,Toronto Raptors,99,75,1
511,Portland Trail Blazers,121,91,Golden State Warriors,125,93,1
512,San Antonio Spurs,99,65,Oklahoma City Thunder,113,91,1
513,Toronto Raptors,91,72,Miami Heat,103,82,1
515,Miami Heat,89,78,Toronto Raptors,116,86,1
516,Oklahoma City Thunder,108,85,Golden State Warriors,102,88,0
517,Toronto Raptors,84,67,Cleveland Cavaliers,115,95,1
518,Oklahoma City Thunder,91,68,Golden State Warriors,118,88,1
519,Toronto Raptors,89,69,Cleveland Cavaliers,108,86,1
521,Cleveland Cavaliers,84,70,Toronto Raptors,99,80,1
522,Golden State Warriors,105,80,Oklahoma City Thunder,133,117,1
523,Cleveland Cavaliers,99,69,Toronto Raptors,105,78,1
524,Golden State Warriors,94,82,Oklahoma City Thunder,118,94,1
525,Toronto Raptors,78,60,Cleveland Cavaliers,116,100,1
526,Oklahoma City Thunder,111,77,Golden State Warriors,120,81,1
527,Cleveland Cavaliers,113,86,Toronto Raptors,87,74,0
528,Golden State Warriors,108,75,Oklahoma City Thunder,101,83,0
530,Oklahoma City Thunder,88,60,Golden State Warriors,96,71,1
602,Cleveland Cavaliers,89,68,Golden State Warriors,104,74,1
605,Cleveland Cavaliers,77,62,Golden State Warriors,110,82,1
608,Golden State Warriors,90,69,Cleveland Cavaliers,120,89,1
610,Golden State Warriors,108,79,Cleveland Cavaliers,97,77,0
613,Cleveland Cavaliers,112,93,Golden State Warriors,97,84,0
616,Golden State Warriors,101,71,Cleveland Cavaliers,115,80,1
619,Cleveland Cavaliers,93,75,Golden State Warriors,89,76,0
